CustomerID,Gender,Age,Annual_Income,Spending_Score
1,Male,38,81886,2
2,Female,49,95745,67
3,Male,40,103251,87
4,Male,50,114456,12
5,Male,20,73413,20
6,Female,35,76800,5
7,Male,42,117239,37
8,Male,59,62318,38
9,Male,48,90173,94
10,Female,20,90390,9
11,Male,57,72329,98
12,Male,63,63088,53
13,Male,41,59811,44
14,Male,67,75479,99
15,Female,49,105392,86
16,Male,64,107369,24
17,Female,39,39963,81
18,Female,40,75123,74
19,Female,19,112705,30
20,Male,44,93477,59
21,Female,59,34388,87
22,Male,19,25569,96
23,Female,43,89836,81
24,Female,34,56586,81
25,Female,57,32015,14
26,Female,50,65002,9
27,Female,26,26254,40
28,Female,60,37144,66
29,Female,65,44214,25
30,Female,56,100719,73
31,Male,46,91774,22
32,Male,59,26090,4
33,Female,43,31637,26
34,Female,52,42415,58
35,Female,67,44071,29
36,Male,42,78243,98
37,Female,41,61240,87
38,Male,30,103807,37
39,Male,24,53434,75
40,Male,53,89724,70
41,Male,62,95697,18
42,Male,37,48732,85
43,Female,18,31314,42
44,Female,25,43954,100
45,Female,63,77108,41
46,Female,33,107044,38
47,Female,31,107505,34
48,Male,29,56668,17
49,Female,68,43061,37
50,Female,40,99252,25
51,Male,32,59749,76
52,Female,45,36907,87
53,Male,51,38777,86
54,Female,19,113229,85
55,Male,49,71745,27
56,Female,40,111865,57
57,Female,39,101818,31
58,Male,68,43624,6
59,Male,42,43321,91
60,Male,39,30488,40
61,Male,39,42574,98
62,Male,66,25240,12
63,Male,69,63221,53
64,Male,59,30478,71
65,Male,23,75645,10
66,Female,32,39262,45
67,Female,60,72796,17
68,Male,54,24432,26
69,Female,50,115257,85
70,Female,25,84291,92
71,Female,61,99104,62
72,Female,61,79399,46
73,Male,22,99714,64
74,Female,56,70428,2
75,Male,21,107731,54
76,Female,23,20302,65
77,Female,62,102558,51
78,Female,49,20055,53
79,Male,69,28717,36
80,Female,47,48699,26
81,Male,64,93686,29
82,Female,52,87661,21
83,Male,57,64247,11
84,Female,69,36748,40
85,Male,33,24621,11
86,Male,30,35034,36
87,Female,67,25126,59
88,Male,59,25122,39
89,Female,47,38030,99
90,Female,36,102838,54
91,Female,34,104717,98
92,Female,36,75658,55
93,Female,45,58638,24
94,Female,43,87067,22
95,Female,54,108869,69
96,Female,43,54674,56
97,Female,40,55854,33
98,Female,26,66271,36
99,Female,29,93688,20
100,Male,18,58518,83
101,Male,18,30267,99
102,Female,64,110825,81
103,Female,51,21062,62
104,Female,49,70448,98
105,Female,65,115462,73
106,Female,42,26229,26
107,Female,57,76793,66
108,Female,62,67915,73
109,Female,18,24632,73
110,Male,33,23596,40
111,Female,56,26168,17
112,Male,22,27561,1
113,Female,39,93794,89
114,Female,46,102152,61
115,Male,20,46734,43
116,Female,29,26371,42
117,Male,43,46069,25
118,Female,33,99905,39
119,Female,68,32910,35
120,Male,54,93479,3
121,Female,39,97735,44
122,Male,46,101264,51
123,Female,31,43275,94
124,Male,45,92274,98
125,Male,22,101449,12
126,Female,64,80004,19
127,Female,66,82981,44
128,Male,47,104659,59
129,Female,63,74553,49
130,Female,69,68447,61
131,Female,22,54529,17
132,Male,29,95703,74
133,Male,33,96090,57
134,Male,43,37260,55
135,Male,43,23812,47
136,Male,65,48024,12
137,Male,38,78656,62
138,Male,56,47285,80
139,Male,53,112436,88
140,Male,50,21605,83
141,Female,47,91158,8
142,Male,54,92303,95
143,Female,40,47139,21
144,Female,27,97149,81
145,Female,22,76138,87
146,Male,53,96125,80
147,Male,51,33918,70
148,Male,69,105655,72
149,Male,48,47446,25
150,Female,27,33046,82
151,Male,36,44818,89
152,Male,49,24324,12
153,Male,18,96323,15
154,Male,22,29111,59
155,Male,62,58110,26
156,Female,21,36389,26
157,Male,33,61427,47
158,Female,41,99579,32
159,Male,33,48746,10
160,Female,19,107886,16
161,Male,66,20117,71
162,Male,45,104471,17
163,Female,49,33234,23
164,Female,44,73441,26
165,Female,37,20846,85
166,Male,41,30954,86
167,Female,29,99239,7
168,Male,67,66514,14
169,Male,52,108236,79
170,Female,50,117579,7
171,Female,50,26469,9
172,Male,68,50105,48
173,Male,60,62101,72
174,Female,54,84323,59
175,Female,29,111922,87
176,Female,20,78067,93
177,Male,18,69376,82
178,Male,50,65587,95
179,Male,57,56976,94
180,Male,27,87584,39
181,Male,60,98477,99
182,Male,61,62533,18
183,Female,46,21828,59
184,Male,30,21917,17
185,Male,29,40618,14
186,Male,48,52254,31
187,Female,63,67362,24
188,Male,19,40128,99
189,Male,68,79383,60
190,Female,67,85545,45
191,Male,52,102180,98
192,Male,40,107958,3
193,Male,34,29865,37
194,Male,43,22219,43
195,Male,25,59809,40
196,Female,46,25287,90
197,Female,43,54387,55
198,Female,27,28512,87
199,Male,43,21342,39
200,Male,51,83076,15
201,Male,68,39216,4
202,Female,58,113070,93
203,Male,24,99767,86
204,Male,21,117829,25
205,Female,67,46614,13
206,Male,62,56258,82
207,Female,28,113789,33
208,Female,46,62078,16
209,Female,53,103524,42
210,Male,42,116573,66
211,Male,38,32219,55
212,Male,53,20235,99
213,Male,27,62929,42
214,Male,54,87444,34
215,Male,26,28567,30
216,Male,41,90792,13
217,Female,52,85441,13
218,Male,66,104555,18
219,Female,52,93698,32
220,Male,65,25415,96
221,Male,53,56159,99
222,Male,35,63925,39
223,Female,66,25951,46
224,Female,56,107388,29
225,Female,49,28007,62
226,Female,41,61832,93
227,Male,40,78596,62
228,Female,49,50523,57
229,Male,54,108861,16
230,Male,29,106740,56
231,Female,66,35524,10
232,Female,30,39282,30
233,Female,40,43930,25
234,Female,42,20077,84
235,Female,52,40611,5
236,Female,58,36984,65
237,Female,47,34060,94
238,Female,34,102985,49
239,Male,66,104056,3
240,Female,37,63303,45
241,Female,65,79207,14
242,Male,42,95046,30
243,Female,39,49287,68
244,Male,30,113709,18
245,Male,36,59711,62
246,Female,66,31954,37
247,Male,53,93340,25
248,Male,29,92101,48
249,Male,58,91520,65
250,Male,36,107062,53
251,Female,29,38574,79
252,Male,26,29184,73
253,Female,24,39096,15
254,Male,45,87728,49
255,Male,31,54016,88
256,Male,48,31246,68
257,Male,69,65558,12
258,Female,36,38381,59
259,Female,64,56455,37
260,Male,33,112263,61
261,Male,22,24018,43
262,Female,52,31302,70
263,Male,29,87506,39
264,Male,42,61157,56
265,Male,69,74917,63
266,Female,38,112738,46
267,Female,53,116646,88
268,Female,40,103122,11
269,Male,33,44519,62
270,Male,56,116809,77
271,Female,62,107487,98
272,Female,59,76819,25
273,Female,56,100910,71
274,Female,31,91324,52
275,Male,48,25408,4
276,Female,22,79379,59
277,Male,52,45053,72
278,Female,40,29446,20
279,Male,46,20922,93
280,Female,60,118723,63
281,Female,28,71356,54
282,Female,35,30789,74
283,Female,64,117720,98
284,Male,29,86656,57
285,Female,26,64028,90
286,Male,27,84484,41
287,Male,61,52154,3
288,Male,34,102870,6
289,Male,55,22336,5
290,Female,24,87779,5
291,Male,63,39029,54
292,Male,30,79201,47
293,Male,57,52265,87
294,Female,59,63872,49
295,Female,26,66197,9
296,Female,67,75180,99
297,Female,44,43710,20
298,Male,19,49486,61
299,Male,22,91907,35
300,Female,46,91895,50
301,Male,54,84435,82
302,Male,55,60631,62
303,Male,36,40103,17
304,Female,25,84772,88
305,Female,65,34382,3
306,Male,62,104291,32
307,Female,18,23756,99
308,Female,39,40609,13
309,Female,69,36478,89
310,Female,34,59666,73
311,Female,24,95683,68
312,Male,42,119097,14
313,Female,62,91315,98
314,Male,21,97834,11
315,Male,53,34153,56
316,Female,23,96325,67
317,Male,48,32999,92
318,Male,36,75318,29
319,Male,61,20814,9
320,Female,56,96077,67
321,Female,44,110474,25
322,Male,27,22443,98
323,Female,43,95993,76
324,Female,36,95916,42
325,Female,56,93319,9
326,Female,20,37368,79
327,Male,62,35328,40
328,Male,30,76942,25
329,Female,67,111751,5
330,Female,45,119131,11
331,Male,37,47306,59
332,Male,45,105451,98
333,Female,25,59915,88
334,Male,58,57219,79
335,Female,56,100879,38
336,Female,18,84644,72
337,Male,20,80279,5
338,Male,30,73028,48
339,Female,45,20126,90
340,Female,66,72329,18
341,Male,42,47632,70
342,Female,50,85310,37
343,Male,55,75176,60
344,Female,23,106066,48
345,Male,61,64327,77
346,Male,62,88904,28
347,Male,49,23797,69
348,Female,62,67882,77
349,Female,64,33718,81
350,Male,38,54560,40
351,Female,33,96589,45
352,Male,38,42116,96
353,Male,28,56244,62
354,Female,54,21645,93
355,Female,53,67523,58
356,Male,52,39256,67
357,Female,36,73173,56
358,Female,37,57430,40
359,Male,35,59282,98
360,Male,64,83374,40
361,Female,58,88244,91
362,Male,66,31694,77
363,Male,31,76264,33
364,Female,32,95060,6
365,Male,48,117416,88
366,Male,18,77545,19
367,Female,20,59224,80
368,Female,33,117945,40
369,Male,40,33224,92
370,Male,28,60738,97
371,Female,29,45150,59
372,Female,27,83731,59
373,Female,49,69688,48
374,Female,33,119929,41
375,Male,25,93509,13
376,Female,55,28577,45
377,Female,29,28070,89
378,Male,41,28666,53
379,Female,45,77761,42
380,Male,25,56368,100
381,Female,45,26783,63
382,Female,53,61914,27
383,Female,43,90507,38
384,Male,25,99026,60
385,Male,67,87526,7
386,Female,45,90835,5
387,Male,45,65765,45
388,Male,54,39956,58
389,Male,58,107895,31
390,Male,53,66240,23
391,Male,44,57148,42
392,Male,34,114270,10
393,Female,26,24757,32
394,Female,50,39097,53
395,Male,37,30395,30
396,Female,30,36241,39
397,Female,45,47696,31
398,Female,65,90480,82
399,Female,46,66163,100
400,Male,30,39816,2
401,Female,63,69840,78
402,Female,52,72853,77
403,Male,23,44917,93
404,Male,35,116731,12
405,Female,68,41566,39
406,Female,22,95452,66
407,Female,64,82823,96
408,Female,42,40806,13
409,Female,19,95520,46
410,Female,27,21759,27
411,Male,47,61949,17
412,Female,67,112374,95
413,Female,62,22482,98
414,Male,22,44442,60
415,Male,50,53719,64
416,Male,18,78066,88
417,Male,35,113501,35
418,Female,49,22079,70
419,Female,64,22717,83
420,Female,66,79676,30
421,Female,28,47952,71
422,Female,38,106444,74
423,Female,43,62460,96
424,Male,42,110397,98
425,Female,39,92847,63
426,Male,44,113607,28
427,Male,66,109106,60
428,Female,30,38449,79
429,Male,50,53536,94
430,Female,51,84077,37
431,Male,58,58258,93
432,Female,52,68302,22
433,Male,18,48865,68
434,Female,38,26645,20
435,Female,65,58000,96
436,Female,23,46737,100
437,Female,45,31485,68
438,Female,34,58565,91
439,Male,22,45522,64
440,Male,48,85155,17
441,Male,22,75168,12
442,Female,55,72487,22
443,Male,20,32342,17
444,Female,40,60806,10
445,Female,54,68770,65
446,Male,54,98623,22
447,Male,27,119785,90
448,Female,27,95629,82
449,Male,36,72603,50
450,Female,34,101974,14
451,Female,38,46399,64
452,Female,31,105382,47
453,Female,26,101244,29
454,Female,63,96534,76
455,Male,18,75106,36
456,Male,68,50678,99
457,Female,62,96218,52
458,Female,30,83230,76
459,Male,21,94055,7
460,Male,18,76373,29
461,Female,66,51480,11
462,Male,57,105230,33
463,Female,49,88836,6
464,Male,51,92258,79
465,Female,45,59986,32
466,Male,48,44160,51
467,Female,25,105595,75
468,Male,56,99111,58
469,Male,43,84929,87
470,Female,51,93506,26
471,Male,20,54911,98
472,Female,67,107127,46
473,Male,29,51821,98
474,Female,18,95039,29
475,Male,61,80535,4
476,Female,22,104458,81
477,Male,47,32175,99
478,Female,47,74771,13
479,Male,34,106925,39
480,Female,65,86358,15
481,Female,64,37327,29
482,Female,40,67057,29
483,Male,32,26150,75
484,Female,54,24425,32
485,Male,38,36032,2
486,Female,31,22198,47
487,Male,19,80500,78
488,Female,28,73394,84
489,Male,68,40079,22
490,Male,56,56220,75
491,Female,55,61874,27
492,Male,51,33859,67
493,Male,55,70460,81
494,Female,67,51419,56
495,Male,51,28705,92
496,Male,35,62880,93
497,Male,47,43236,21
498,Female,32,107955,47
499,Male,44,105514,80
500,Female,68,35358,59
